"Sub Stahn","Sub Leon","Japanese Title","English Title","Japanese Location","English Location","Japanese Period (yellow means it needs to be changed to the leon side )","English Period","Japanese Reward","English Reward","Japanese Main Text","English Main Text","Japanese Image Text","English Image Text","Comments","Excel Table","Missable","Multipart","New Game+"
"006","001","カプセルトイ","Capsule Toy","首都ダリルシェイド(→P190)","Darilsheid","No.09 ヒューゴの依頼受諾~","No.09 Taking Hugo’s Request ~","-","See table below","ダリルシェイドの宿屋、2階の踊り場に置いてある機 械を調べると、 1回200ガルドでカプセルトイを買うこ とができる。 カプセルの中身はすべて消費アイテムだ が、なかにはレアなものも含まれているので、 ガルドに 余裕があれば立ち寄って挑戦してみよう。 入手できる アイテムと手に入る確率については下表のとおりだ。","There is a vending machine on the second floor of the Darilsheid Inn that offers capsule toys for 200 Gald. Some of the available toys are rare, so if you have a few Gald to spare, you should try your luck! The following table shows the items that are available and the probability of obtaining them. ","","","","|Item            |Probability|
|----------------|-----------|
|Apple Gel       |30%        |
|Oberol C        |20%        |
|Holy Bottle     |9%         |
|Dark Bottle     |9%         |
|Gamble Gel      |5%         |
|Liqueur Bottle  |5%         |
|Life bottle     |4%         |
|Peach Gel       |3%         |","","",""
"005","002","噂の七将軍","The Rumoured Seven Generals","首都ダリルシェイド(→P190)","Darilsheid","No.09 ヒューゴの依頼受諾~No.58 ヒューゴ撃破","No.09 Taking Hugo’s Request ~ No.58 Fight against Hugo","-","-","七将軍の異名を持つセインガルドの英雄たち。 彼ら に関する噂話を各地で聞いてからセインガルド城の謁 見の間へ行くと、 集結した七将軍たちのイベントを見 ることができる。 七将軍に関する情報が聞ける場所に ついては、下に記したリストのとおり。 全部で7人の 人々から情報を聞けば、このイベントが発生する。","The Heroes of Seinegald are known as the ""Seven Generals."" You will encounter rumors about them in various places. Once you have heard them all, head to the audience chamber within Seinegald Castle to witness an assembly of the Seven Generals. The locations where the rumors can be encountered are listed below.","","▲ That's Darilsheid tax money at work.","","|Town|Location|Npc Name|
|-----|-----|-----|
|Janos|Innkeeper's bar|Waitress|
|Harmentz|The house below the armorer's shop|Young Mother|
|Harmentz|Riverbank at the lower right of the armorer's shop|Young Man|
|Darilshield|Front of the item shop|Man|
|Darilshield|Residencial district|Oberon Employee|
|Darilshield|Harbor|Meat Merchant|
|Armeida|The islet at the lower right of the village|Kid|","![](https://img.shields.io/badge/-Missable-informational?style=for-the-badge&color=red) ","",""
"003","003","とある兵士の求愛①","Soldier's Advance 1","首都ダリルシェイド(→P190)","Darilsheid","No.09 リオン加入 ~No.15 チェリク到着前","No.09 Leon joins ~ No.15 Before arriving in Cherik","-","-","これも上記の『小さな家族』 と同様に、 発生条件を 満たすことで連続して楽しめるサブイベント。1回目は、 期間中にダリルシェイドの酒場の正面入口から中へ入 ると発生。 セインガルドのあらくれ兵士が、 ルーティに 言い寄ってくる。 これに対して、 その気がないルーティ はあっさりと兵士の誘いを一蹴。 このイベントは連続 で続くうえ、いずれも期間限定のものばかりなので、 以降の発生期間もチェックしておこう。","Like the ""Small Family"" event mentioned above, this event also has multiple parts to enjoy. The first part occurs upon entering the Darilsheid pub through the front door. A rowdy Seingald soldier will try to put the moves on Rutee, but an uninterested Rutee immediately rejects him. The rest of the parts of this event have a limited duration for when you can see them, so be sure to check their availability so you don't miss any of them. ","ルーティにとってはお呼 びでない男。 案の定、あっ さりフラれるのだった。","▲ He's not the man Rutee needs, of course, so he got easily rejected.","","","![](https://img.shields.io/badge/-Missable-informational?style=for-the-badge&color=red) ","![](https://img.shields.io/badge/-Multipart-informational?style=for-the-badge&color=orange)",""
"004","004","田舎の正直者","Country Boy","首都ダリルシェイド(→P190)","Darilsheid","No.09 ヒューゴの依頼受諾~","No.09 Taking Hugo’s Request ~","スタン称号「田舎の正直者」","Stahn's title [Country Boy]","ダリルシェイドの道具屋の前で、客引きをしている 男に話しかけると発生するイベント。 男はスタンのことをさも見知っているかのような口ぶりで親しげに話 しかけてくるが、 男の問いかけに対しては、 タイトルど おり正直に「見覚えがない」 と答えよう。 どちらの選択 肢を選んでも称号は入手できるが、 男の話につられて 知ったかぶりをすると、 「アップルグミ」を100ガルド で無理矢理売りつけられる羽目になる。","This event occurs when you encounter a man who seems to know Stahn in from of the Darilsheid Item shop. He is friendly and will ask Stahn if he knows him. You should answer honestly that you do not know him. Only the first answer will work, pretending to know the man will force you to Buy [Apple Gel] for 100 gald.","","","","","","",""
"007","005","強欲の魔女","Greedy Witch","首都ダリルシェイド ( →P190)","Darilsheid","No.09 ヒューゴの依頼受諾~","No.09 Taking Hugo’s Request ~","ルーティ称号「強欲の魔女」","Rutee's title [Greedy Witch]","セインガルドの城門をくぐった先、 噴水のある広場  にいる兵士に話しかけ、「何よ!! 乱暴な言い方するや  つね」を選択するとイベントが発生。 ルーティを見かけ  たことがあるという兵士から、 彼女の通り名について  コミカルなやり取りが交わされる。 わざととしか思え  ない兵士の言動に、いちいち突っ込んでいくルーティ。  やり取りに疲れ果てたルーティを尻目に、 兵士はさら  りと本当の通り名を告げて去っていく。","In the plaza just after passing under Seingald Castle's gate, talk to the soldier and select ""How about some manners!"" to see this event. The soldier will try to recall Rutee's nickname in a comical scene featuring many overlapping messages. The soldier says many incorrect names, seemingly on purpose, and Rutee will question each one. After Rutee gets exhausted and dizzy, the soldier says her real nickname and abruptly walks away.","「その後のマリアン』 (→  P344) を発生させるには  この称号が必要だ。","▲ The [Greedy Witch] title is necessary to trigger Marian's Event [Side-event 097](projects/destiny-dc/stahn-guide?id=side-event-097-Marian). ","","","","",""
"008","006","ダグ兄弟","Doug Brothers","首都ダリルシェイド (→P190)","Darilsheid","No.09 ヒューゴの依頼受諾~No.12 ストレイライズ神殿クリア","No.09 Taking Hugo’s Request ~ No.12 Straylize Temple cleared","-","-","上記の発生期間中にセインガルド城の門をくぐって  左手にあるレイノルズの研究所前に行くと、 七将軍の  アシュレイと遭遇するサブイベントが発生する。 スタ  ンたちの任務を聞き、 突然焦りだしたアシュレイはす  ぐさま城へと戻っていく。 その後訪れたドライデンの  口から、 フィンレイという人物の名前が聞ける。","Between the period listed above, a side-event will occur after heading to Reynold's Laboratory. There you will encounter Ashley of the Seven-Generals. He expresses frustration after learning of Stahn's mission and rushes off to the castle.","","","","","![](https://img.shields.io/badge/-Missable-informational?style=for-the-badge&color=red) ","",""
"009","007","だじゃれ爺","Bad Pun Man","首都ダリルシェイド(→P190)","Darilsheid","No.09 ヒューゴの依頼受諾~","No.09 Taking Hugo’s Request ~","マリー称号「ブレイカー」","Mary's title [Breaker]","ダリルシェイドのヒューゴ邸に行き、 ソーディアンを  受け取ったあと、屋敷の左隣の民家にいる老人と会話  をすると発生する。 スタンとマリーがだじゃれ爺と名  乗る老人から、 だじゃれについてあれこれと話を聞か  されるのだ。 スタンの王道的なだじゃれに感心しきり  のだじゃれ爺だが、 その後マリーからきついひと言を  浴びせられることに。 このサブイベントをクリアする  とマリーの称号「ブレイカー」が手に入る。","This event occurs when you visit Hugo's mansion in Darilsheid and recieve the swordians. Speak with the old man in the house to the left. The old man, named ""Bad Pun Man,"" shares that he loves puns, as long as they are of good caliber. Stahn impresses him, but Mary gives Stahn a hard time about his terrible jokes. Completing the event gives your the ""Breaker"" title for Mary.","「ブレイカー」 は、 『フェイ ト」 (→P341) 発生のため  の条件となっている。","▲ You will need the [Breaker] title for the ""Fayte"" event [Side-event 081](projects/destiny-dc/stahn-guide?id=side-event-081-Fayte).","","","","",""
"010","008","母親疑惑？","Alleged Mother?","首都ダリルシェイド(→P190)","Darilsheid"," No.09 ヒューゴの依頼受諾~No.12 ストレイライズ神殿クリア","No.09 Taking Hugo’s Request ~ No.12 Straylize Temple cleared","マリー称号「家庭料理人」","Mary's title [Home Cook]","セインガルド城内、 1階左側の通路の先にある食堂  を訪れると発生する。 子供が叫んだ「お母さん」という  言葉に、パーティの誰かの子どもかと一瞬疑うスタン  たちだったが、 ただの勘違いに終わる。 称号がもらえ  るサブイベントだが、 期間が非常に短いのでストレイ  ライズ神殿へ向かうまえにクリアするといい。","This event only appears for a short time, so it's best to complete it PRIOR TO heading to Staylize Temple. Visit the dining room in Seinegald Castle, which is located at the end of the corridor on the left side of the first floor. A child will shout ""mother,"" leading Stahn and the party to wonder for a moment if this child is Mary's (?). In the end, it all turns out to be a misunderstanding. ","","","","","![](https://img.shields.io/badge/-Missable-informational?style=for-the-badge&color=red) ","",""
"011","009","飛行竜船員の家族","Draconis Crewman's Family 1","首都ダリルシェイド(→P190)","Darilsheid"," No.09 ヒューゴの依頼受諾~No.37 第一部終了","No.09 Taking Hugo’s Request ~ No.37 End of part 1","-","-","上記の発生期間中に、 ダリルシェイドの宿屋の裏手  にある2階建ての民家に入ると発生する。 飛行竜ごっ  こをしている子供を母親がたしなめている場面に遭遇  するスタンたち。 その母親から、 飛行竜船員である夫  がまだ帰ってこないと聞かされる。 ルーティは飛行竜  が墜落した事実を告げようとするが、 リオンがそれを  制止する。 夫の身を案ずる母親にリオンは墜落した事  実を最後まで口にせず立ち去る。","This event is available during the above period and occurs when you enter the two-story home behind the Darilsheid inn. Stahn and the party will encounter a mother scolding (?) her child as he pretends to be a member of the Draconis' crew. The woman shares with the party that her husband, who serves upon the Draconis, has yet to return. When Rutee attempts to tell the woman the fate of the Draconis, Leon intervenes. Leon (?) expresses concern for her husband's safety, but leaves without telling her about the crash. ","連続イベントではないが、  話は『飛行竜船員の帰還」  (→P349) へつながる。","▲ You can get the conclusion to this event in ""Draconis Crewman's Family 2"" [Side-event 124](projects/destiny-dc/stahn-guide?id=side-event-124-Draconis-Crewman's-Family-2). ","","","![](https://img.shields.io/badge/-Missable-informational?style=for-the-badge&color=red) ","",""
"002","010","小さな家族①","Small Family 1","ハーメンツの村(→P188)","Harmentz","No.08 ハーメンツ到着~No.15 チェリク到着前","No.08 Arriving in Harmentz ~ No.15 Before arriving in Cherik","-","-","全5回に渡って連続で発生するサブイベントで、1回 目以降は前回のイベントを見ていることが発生条件と なる。 1回目は、上記の期間中にハーメンツの道具屋 わきにある垂れ幕を調べると発生。 道具屋のおばさ んから、 毎年巣を作るという屋根の上に住む鳥の家族 に関する話が聞ける。 最後の『小さな家族5』まで見れ ば、アイテムの「マジカルアロマ」がもらえるので、発 生時期を覚えて見逃さないようにしよう。","This is a five part event and where each one is mandatory for the next one. The first one occurs when you examine the nest on the roof of the item shop. The shopkeeper will tell you that a family of birds that live on the roof and build a nest every year. The last part of this series of event will reward you with a [Magical Aroma], make sure to not miss any.","鳥たちが巣立ちする瞬間 に立ち会うこともできる。 こ まめにチェックすること。","▲ You can even witness the moment when the young birds leave their nests.","","","![](https://img.shields.io/badge/-Missable-informational?style=for-the-badge&color=red) ","![](https://img.shields.io/badge/-Multipart-informational?style=for-the-badge&color=orange)",""
"001","011","通行証がない！","Lost Passport!","国境の街ジェノス (→P182)","Janos","No.04 ジェノス到着~No.15 チェリク到着前","No.04 Arriving in Janos ~ No.15 Before arriving in Cherik","-","-","ジェノスの宿屋手前にいる男に話しかけると発生す る。 「通行証」をなくしてしまって以来、 ファンダリアへ 戻れずに数年間もジェノスに滞在していると嘆く男の 話を聞ける。 彼から「通行証」を売ってくれと懇願され あるが、もちろん売ることはできない。 なお、この男は 「カゴの中の鳥?』(→P341)にも登場する。","This event occurs when you talk to the man in front of the inn in Janos. He tells you that he has been staying in Janos for several years without being able to return to Phandaria since he lost his passport. He begs you to sell him your passport, but of course you can't. This man also appears in ""The Bird in the Cage"" [Side-event 077](projects/destiny-dc/stahn-guide?id=side-event-077-bird-in-a-cage). ","","","","","![](https://img.shields.io/badge/-Missable-informational?style=for-the-badge&color=red) ","",""
"012","012","漆黒の翼①","Dark Wings 1","アルメイダの村 ( →P194)","Armeida"," No.10 アルメイダの村到着~No.12 ストレイライズ神殿クリア","No.10 Arriving in Armeida ~ No.12 Straylize Temple Cleared","-","-","ジェノスの街で出会った自称レンズハンターの3人  組、 「漆黒の翼」が再びスタンたちの前に登場する。 最  初のサブイベントとなる「漆黒の翼1』 は、 アルメイダの  村の一番奥にある広場を訪れると発生。 彼らのサブイ  ベントは全部で8つあるが、 いずれも期間中に特定の  場所を訪れれば発生するため、 各イベントを必ず見る  必要はない。特に入手できる称号やアイテムはないが、  彼らの愉快な珍道中は最後まで見る価値ありだ。","The ""Dark Wings,"" whom you met in Janos, appear before Stahn and others once again in this side-event. You trigger this event by visiting the plaza at the far side of Armeida. While this is the first of eight side-events, there is no specific order in which to view the events staring these three ""lens hunters."" No items or titles are obtained either, but their antics are worth seeing through to the very end. ","お騒がせトリオと再会。  ジェノスとは違い、今度は  伝説の勇者を気取っている。","","","","![](https://img.shields.io/badge/-Missable-informational?style=for-the-badge&color=red) ","",""
"013","013","夫婦喧嘩","Lovers' Quarrels","アルメイダの村 (→P194)","Armeida"," No.10 アルメイダの村到着~No.44 オベロン秘密工場クリア","No.10 Arriving in Armeida ~ No.44 Oberon Secret Factory clear","フードストラップ 「チャーハン」","Food strap [Fried Rice]","アルメイダの食材屋に行くと、 夫が仕入れをサボっ ているせいで食材の入荷が遅れていると言われる。 夫婦喧嘩が収まらない限り食材の補充はできそうにな いが、マリーのアドバイスで事態は収拾する。","Upon entering the grocery store in Armeida, Mary is informed that due to the laziness of the store owner's husband, the available ingredients leave much to be desired. Mary tries to offer advice to help them get the situation under control, but only time will tell if this will assist in replenishing the grocerers shelves.","会話後、いったん村の外  へ出て再度食材屋を訪ねる  と、無料で補充してくれる。","▲ After the first conversation, go out of the shop and re enter to trigger the second part.","","","![](https://img.shields.io/badge/-Missable-informational?style=for-the-badge&color=red) ","",""
"014","014","命の恩人","Life Saver","アルメイダの村 (→P194)","Armeida","No.12 ストレイライズ神殿到着~No.14 港町チェリク到着前","No.12 Arrival at Straylize Temple ~ No.14 Before arriving in Cherik","道具「ライフボトル」 ×2","Item [Life Bottle] x2","期間中にアルメイダの奥にある広場を訪れると、 交  易商の近くに七将軍のルウェインが立っている。 彼に  話しかけることでイベントが発生し、 スタンの祖父ト  ーマスとルウェインの意外な絆を知ることができる。","Visiting the plaza in Armedia during this you will encounter one the Seven Generals, General Lewein. Speaking to him will trigger an event where you learn about an unexpected connection between Stahn's grandfather, Thomas Aileron, and the General Lewein. ","期間が非常に短いので、  ストレイライズ神殿をクリア  し戻る途中に立ち寄ろう。","▲ The period to do this sidequest is really short so make sure to stop after clearing the Straylize Temple","","","![](https://img.shields.io/badge/-Missable-informational?style=for-the-badge&color=red) ","",""
"015","015","フィリア初めてのジャンクランド","Philia's First Time in Junkland","ジャンクランド(→P302)","Junkland","No.15 バルックオフィス到着~No.54 イレーヌ撃破","No.15 Arrival at Baruk's Office ~ No.54 Fight against Ilene","-","-","ジャンクランドは、 シナリオを進めるだけなら物語  終盤まで行く必要はない。 しかし、このサブイベント  を見るとなると話は別で、 早いタイミングで訪れる必  要がある。 発生場所はジャンクランドの武具屋の近く。  ここでフィリアは悪臭が漂う街の環境に適応できず、  体調を崩してしまう。ただし、体調が悪くなるといって  もステータスに悪影響を及ぼすことはない。","Junkland doesn't need to visited until towards the end of the story in case you just want to advance the main plot. However, to view this side-event, you need to visit Junkland very early in the story. Near the armorer in Junkland, Philia is unable to handle the power stench in the air and falls ill. Do not fret - this event has no bearing on her actual status in game.","イベントを見る最適な時  期は、チェリクの港からノイ  シュタットへ向かう直前。","▲ The best time to trigger this event is to go directly after leaving Cherik and before entering Calviola.","","","![](https://img.shields.io/badge/-Missable-informational?style=for-the-badge&color=red) ","",""
"016","016","ああ、僕の憧れ漆黒の翼①","Yearning to Join the Dark Wings 1","首都カルビオラ (→P208)","Calviola","No.16 首都カルビオラ到着~No.19 ノイシュタット到着前","No.16 Arriving in Calviola ~ No.19 Before arriving at Neustadt","-","-","カルビオラに入ってすぐ、右手に見える大きな水たま  りの近くにいる少年に話しかけると発生。 漆黒の翼に  会うため、 家出を決意した少年トッシューの話が展開。  続きとなる『ああ、僕の憧れ漆黒の翼2』 (→P340)は、  このイベントをクリアしなければ発生しない。","To trigger this event, speak with a young boy with green hair near a large pool of water to the right of the entrance of Calviola. You will start the story of a boy named Toshu who has run away from home in order to join the Black Wings. The continuation of this story does not occur until this event is cleared. ","漆黒の翼の正体を知らな いトッシュー。 その後は、2回  目のイベントで明らかに。","▲ Toshu doesn't suspect the Dark Wings real identity. The second event will reveal what happened after that [Side-event 075](projects/destiny-dc/stahn-guide?id=side-event-075-Yearning-to-join-the-Dark-Wings-2).","","","![](https://img.shields.io/badge/-Missable-informational?style=for-the-badge&color=red) ","![](https://img.shields.io/badge/-Multipart-informational?style=for-the-badge&color=orange)",""
"017","017","カルビオラのエレナ①","Calviola's Elena 1","首都カルビオラ (→P208)","Calviola"," No.16 首都カルビオラ到着~No.19 ノイシュタット到着前","No.16 Arriving in Calviola ~ No.19 Before arriving at Neustadt","-","-","カルビオラのオベロン社の左手にある民家を訪れ  てエレナに話しかけると発生。 カルバレイス人とセイ  ンガルド人のハーフとして悩む彼女から、父を探して  くれと頼まれる。 このサブイベントをクリアしなけれ  ば『カルビオラのエレナ2」(→P340) は発生しない。","This event occurs when speaking with Elena, who is in a house to the left of the Oberon Corportation building in Valviola. She asks the party to assis her in finding her father, who is half Calviolan and half Seingegaldian. If you do not complete (trigger?) this side-event, the second part, [Calviola's Elena 2], WILL NOT occur. "," 「カゴの中の鳥?」 (→  P341) 発生にはこの連続  イベントのクリアが必須だ。","▲ Completing ""Bird in a Cage?"" [Side-event 077](projects/destiny-dc/stahn-guide?id=side-event-077-Bird-in-a-Cage?) is mandatory to trigger this chains of events.","Insert hpyerlink","","![](https://img.shields.io/badge/-Missable-informational?style=for-the-badge&color=red) ","![](https://img.shields.io/badge/-Multipart-informational?style=for-the-badge&color=orange)",""
"018","018","スリ事件","The Pickpocket Incident","首都カルビオラ ( →P208)","Calviola"," No.18 カルビオラ神殿クリア~No.19 ノイシュタット到着前","No.18 Calviola Temple Cleared ~ No.19 Before arriving at Neustadt","-","-","レンズを1枚以上持った状態で、 カルビオラの北側  からフィールドに出ようとすると発生。 少年がスタンた  ちの間を駆け抜けていくが、 即座にレンズのスリだと  気づいたルーティが詰め寄る。 少年との押し問答の末、  結局は逃げられてしまうがレンズは減らない。","This even occurs if you try to leave Calviola through the northern exit with lens. A boy bumps into Stahn and the others. Rutee immediately regocnizes him as a lens pickpocket and presses him for answers. After a heated exchange, the boy eventually runs off with your lens. (?)","一行は、 その場にいた人  の話で少年がジャンクラン  ドの子供であることを知る。","▲ The party learns from a bystander that the kid is from Junkland","Unclear if you actually lose lens or not. Would need to see if your lens depletes in game","","![](https://img.shields.io/badge/-Missable-informational?style=for-the-badge&color=red) ","",""
"019","019","漆黒の翼②","Dark Wings 2","港町チェリク (→P206)","Cherik"," No.18 カルビオラ神殿クリア~No.19 ノイシュタット到着前","No.18 Calviola Temple Cleared ~ No.19 Before arriving at Neustadt","-","-","期間中にチェリクのバルック基金本部がある広場を  訪れると漆黒の翼が立っている。 彼らに近寄るとイベ  ントが発生。 相変わらず勇者と称し、 街の人々に話し  かける漆黒の翼だったが、 まったく反応がないことに  憤慨する。 なんとか自分たちに人々の関心を向けさ  せようと手を尽くすが、 結局は相手にしてもらえない。","Visit the square close to where the Baruk Foundation(?) is located in Cherik to encounter the Black Wings. Approaching them causes an event to occur where they claim they are heros to the people of the city. However, they are ignored and are offered no fanfare. No matter what they try, they cannot grab the attention of anyone and are not taken seriously. ","","","","","![](https://img.shields.io/badge/-Missable-informational?style=for-the-badge&color=red) ","",""
"020","020","姉弟①","Sibling 1","ノイシュタットの街(→P213)","Neustadt"," No.20 ノイシュタット到着~No.20 イレーヌ邸到着前","No.20 Arriving in Neustadt ~ No.20 Before entering Ilene's house","-","-","期間中にノイシュタットの装飾屋とオベロン社に架  かる橋にいる女の子と話すと発生する。 血のつながっ  ていない弟についてどう接していいかと悩む少女。 ル  ーティは静かに自分の意見をぶつけるが、 ルーティの  言うことがわからず少女は去っていく。 次のイベント  となる『姉弟2」 (→P332) を発生させるにはこのイベ  ントをクリアする必要があり、 発生期間も非常に短い。  ノイシュタットを訪れた時点でクリアしておこう。","Talking to the girl on the bridge connected to the Oberon Lens shop in Neustadt. She is worried about how she treated her step brother. Rutee shares her opinion that they are still siblings, even if they aren't related by blood.  The girl doesn't understand what Rutee says and leaves. You must complete this even before the next event, [Sibling 2], can occur. You have a very short window to complete these, so you should do both of them when you first visit Neustadt. ","ルーティは、思い悩む彼  女に自分の素直な思いを聞  かせるのだった","▲ Rutee asks the troubled girl for her honest thoughts and feelings.","the girl is bothered about he siblings from another mother or something, Rutee is like familly is familly no mather what

Astro - Unsure which shop this occurs next to, 

pegi: oberon lens shop","","![](https://img.shields.io/badge/-Missable-informational?style=for-the-badge&color=red) ","![](https://img.shields.io/badge/-Multipart-informational?style=for-the-badge&color=orange)",""
"021","021","覚悟のまなざし","Gaze of Resolve","ノイシュタットの街(→P213)","Neustadt"," No.20 ノイシュタット到着~","No.20 Arriving in Neustadt","フィリア称号「覚悟のまなざし」","Philia's title [Gaze of Resolve]","ノイシュタットの噴水がある広場の階段を降り、道 具屋の前にいるおばちゃんに話しかけるとイベントが 発生。 このあとの選択肢では「私が･･････何か?」を選 ぼう。 ひと目でフィリアをストレイライズの神官だと見 抜いたおばちゃんとの会話がくり広げられる。 フィリ アに対し、 強い意志を持った目をしていると語るおば ちゃん。 ここでもらえる称号は、 第二部の「乙女のまな ざし」(→P335) 発生の条件となってい","This event occurs when you speak with the woman who is standing infront of the Neustadt fountain. When presented with a choice, select ""Is this about...me?"".  From here a conversation with this woman ensues, where Philia is recognized as a Straylize Priestess. The woman comments on Philia's gaze. The title you receive here is necessary for the secton part of this event series [Maiden's Gaze].","ちなみに、このおばちゃんは続く「乙女のまなざし」(→P335) でも登場する。","","Philia goes to the lowerquarter and a woman see she's has a special gaze","","","",""
"022","022","スウィートボーイ","Sweet Boy","ノイシュタットの街(→P213)","Neustadt"," No.20 ノイシュタット到着~No.22 シデン領到着前","No.20 Arriving in Neustadt ~ No.22 Arriving in Shiden Territory","リオン称号「スウィートボーイ","Leon's title [Sweet Boy]","ノイシュタットのアイスキャンディー屋手前のベンチ  に座っている少年と会話すると発生。 選択肢の正解は  「子供に用はない」だ。 内容は嫌いな食べ物はあるか  と聞く少年にリオンが答えるというもの。 リオンがパ  ーティにいなければ発生しない点に注意しよう。","This event occurs when you speak with a young boy sitting on a bench in front of the Softy Kreem stand in Neustadt. During the conversation, select ""I have no business with children."" Lion will provide an answer to the child's question about food he doesn't like. In order for this event to occur, you must have Leon in your party. ","甘いものが好きというリオンの隠れた嗜好を、少年に見抜かれてしまう。","▲ The boy discovers Leon's hidden taste for sweets.","Leon is like no i dont like sweet even tho he was looking at the icecream shop. and he double down on it and tell the kid to fuck off","","![](https://img.shields.io/badge/-Missable-informational?style=for-the-badge&color=red) ","",""
"023","023","迷子の親探し","Lost Child","ノイシュタットの街(→P213)","Neustadt"," No.20 ノイシュタット到着~No.20 イレーヌ邸到着前","No.20 Arriving in Neustadt ~ No.20 Before entering Ilene's house","-","-","ノイシュタットのイレーヌ邸の近くにいる、 迷子の子  供に話しかけると発生。 子供のキレイな身なりから、  ルーティはお金持ちの子だと思い込み親切にするが、  実は服を借りているだけの貧乏な子供だった。 発生期  間が短いのでイレーヌ邸に行く直前にクリアしよう。","You can trigger this event by speaking to the lost child near Ilene's house in Neustadt. Due to the child's appearance, Rutee assumes the child is rich and helps to child in hopes of getting a reward. It turns out the child is only borrowing these clothes and is actually quite poor. The window for you to trigger this event is quite short, so make sure to view it before going into Ilene's house. ","残念ながらルーティの読みはハズレ。特にお礼をもらうこともなく終了する。","▲ Unfortunately Rutee's scheme didn't pay out and the mother left without even saying thanks.","There a kid in rich clothes that's lost and rutee is like lets find your mom ( so that she can get a reward) than a mom from the loweruarter comes and tell the kid he need to give back the rich clothes","","![](https://img.shields.io/badge/-Missable-informational?style=for-the-badge&color=red) ","",""
"024","024","妙剣の使い手","""Swatian"" User?","ノイシュタットの街(→P213)","Neustadt"," No.20 ノイシュタット到着~","No.20 Arriving in Neustadt","スタン称号「妙剣の使い手」","Stahn title [""Swatian"" User?]","ノイシュタットの噴水広場にいるお坊ちゃんに話し  かけると発生。 選択肢は「ソーディアンを知っている  のか!?」 を選ぶのが正解となる。 スタンが漏らした 「ソ  ーディアン」という言葉に敏感に反応したお坊ちゃん  だが、スタンはとっさの機転でごまかす。","Trigger this even by talking to the boy near the fountain in Neustadt. Upon selecting the choice ""You know about the Swordians?,"" Dymlos scolds Stahn for blurting out such sensative things. Stahn attempts to use his wits to cover up his mistake, sharing instead about the mystic Swatian, used to swat flies.  ","入手した称号は「にせソ  ーディアン」 (→P352) を発  生させるために必要。","▲ The title obtained is a required for ""Fake Swordian"" [Side-event 138](projects/destiny-dc/stahn-guide?id=side-event-138-Fake-Swordian)","Kid next to the fountain say stahn as a special sword, stahn is like you know what a swordian is, then  dymlos is liek shut up, so he's like no i didnt say swordian i said ""swatian"" to swat flies. the kids tell stahn to fuck off","","","",""
"025","025","モンスター図鑑評価","Monster Book Appraisal","ノイシュタットの街(→P213)","Neustadt","No.20 ノイシュタット到着~","No.20 Arriving in Neustadt","下記参照","See Below","貴重品 「モンスター図鑑」 を確認すると表示される 最大ヒット数。 これは、このほかのサブイベントに関 連する重要な要素となっている。 数値が30を越える ように戦ったあと、 闘技場のモンスター研究者か各街 の武器屋か武具屋付近にいる男に話しかけることで、 貴重品 「ディフィニット戦記」 をもらえるのだ。 このあ とは、ディフィニットストライク (→P047) を成功させ るたびに、 「モンスター図鑑」 のモンスター名の右側に ★マークが表示されるようになる。 各地方ごとに出 現するモンスターの★マークを100%にすると、モ ンスター研究者から以下のアイテムがもらえる。","Make sure to be checking the maximum number of hits displayed when you review the Monster Book as it will be related to other side-events. After you have fought your way to a number over 30, talk to a monster researcher in the Neustadt arena, next to a weapon shop in any city, or next to an armorer in any city. You will receive a War Diary (?). Once you receive the War Diary (?), each time you perform a Definite Strike, a ★ mark will appear to the right of the monster's name in the Monster Book. When you reach 100% for a region, you are awarded one of the items outlined in the table below by a Monster Researcher. ","","","Dude ask you to appraise youbook and gives various info on how many % you have of all the monster in certain regions","excel table","","",""
"unique","026","伝説のにんじん","","リーネの村周辺","Around Lienea","No.14 イレーヌ邸到着~No.14 アイスキャンディー屋到着","","","","リオンが単独行動をとる期間にしかチェックでき ない、 ""リオンサイド ""限定のサブイベント。 ノイシュタ ットを出て北上し、 リーネの手前にある森へ進もう。 するとリリスとの戦いが発生し、 勝つと彼女が一時的 にパーティに加わる。 「伝説のにんじん」 を探すのを手 伝ってほしいというリリス。 「にんじん」 は、 フィール ドマップ上の宝箱21 (→P009) にある。 「にんじん」 を入手すると、 もふりーなとの戦闘が発生するがこ れは逃げても構わない。 戦闘後リーネへ帰還すれば 終了だ。 このサブイベントを発生させることで、 アル カナルインでリリスが使用可能になる。","","◆途中であきらめるとき は、ノイシュタットへ行き「も うやめる」を選ぼう。 
◆リリス、 もふりーなともに 強敵。 リオンのレベルは最 低でも35は欲しい。","","","","","",""
"unique","027 ","パン屋との自己紹介","Meeting the Wonder Baker","リーネの村 (→P248)","Lienea","No.14 イレーヌ邸到着~No.14 アイスキャンディー屋到着","","-","-","期間中にリーネの食材屋に話しかけると発生。 アイ スキャンディー屋と勘違いしたリオンと、 ワンダーパン 職人とのおかしなやり取りが見られる。","","◆傷つけたことを謝ろうと するリオンだったが、 彼女の ひと言に前言撤回。","","first time you meet mimi baker and all her bread puns, shes new in town","","","",""
"026","028","海賊退治のお礼","Pirate Ship Reward","ノイシュタットの街(→P213)","Neustadt","No.22 海賊船クリア~No.22 シデン領到着前","No.22 Pirate Ship Cleared ~ No.22 Arriving in Shiden Territory","下記参照","See Below","海賊船を退治したあと、 イレーヌ邸を出て北側の通 路にいるセイラーマンに話しかけると発生。海賊船退 治のお礼としてアイテムがもらえるが、 入手できるア アイテムは海賊船退治に要したプレイ時間で変化する。","After you have cleared the pirate ship, speak with the sailor to the north (?) of Ilene's house. He will give you a reward based on the amount of time you spent clearing the pirate ship.  ","お礼をもらうには条件が あり、ランクに応じてマテリ アルやレンズが入手できる。","▲ The requirements for obtaining the rewards are listed below.","Random dude gives you reward for clearing the ship under certain times. ","|Clear Rank|Reward|
|-----|-----|
|Rank 1: within 3 minutes|[Blast Material]|
|Rank 2: within 5 minutes|[Clear Lens] x50|
|Rank 3: more than 5 minutes|[Rough Lens] x 100|","![](https://img.shields.io/badge/-Missable-informational?style=for-the-badge&color=red) ","",""
"027","029","漆黒の翼③","Dark Wings 3","ノイシュタットの街(→P213)","Neustadt","No.22 海賊船クリア~No.22 シデン領到着前","No.22 Pirate Ship Cleared ~ No.22 Arriving in Shiden Territory","-","-","上記の期間中に、 闘技場に入って左の医務室にいる 漆黒の翼に話しかけると発生。 彼らはコングマンが不 在をいいことに、自分たちが不戦勝でチャンピオンに なったと言い張る。 しかし、 スタンたちと一緒に戻っ てきたコングマンに彼らの主張は覆される。 報酬は ないが、 漆黒の翼の慌てっぷりがおもしろい。","This event takes place when you enter the hospital(?) on the left side of the arena. Here you will encounter the Dark Wings yet again. Taking advantage of Kongman's absence, they claim to be the champions of the arena. While there is no reward for this event, seeing them panic when Kongman arrives with Stahn and the others is quite amusing. ","このイベントは、港でコングマンがパーティから抜けるまでのあいだに見られる。","▲ This event is only accessible after the pirate ship and before Kongman leave the party at the port. ","","","![](https://img.shields.io/badge/-Missable-informational?style=for-the-badge&color=red) ","",""
"028","030","姉弟②","Sibling 2","ノイシュタットの街(→P213)","Neustadt","No.22 海賊船クリア~No.22 シデン領到着前","No.22 Pirate Ship Cleared ~ No.22 Arriving in Shiden Territory","-","-","『姉弟1』(→P331)を見ていることが条件で、 前回 と同じノイシュタットの橋にいる女の子に話しかける と発生する。 モンスターの襲撃をきっかけに、 彼女は ルーティが「姉弟1」で語った言葉の真意を知る。","This event is triggered by speaking with the same girl on the bridge for [Siblings 1], assuming you completed the first event in the series. After the monster attack, she learns the truth behind Rutee's words.  ","実の姉弟ではないことに 苦悩していた彼女も、未曾 有の事件で目覚めた様子。","▲ Even though she had been struggling with the fact that they were not her true siblings, the unprecedented incident seems to have opened her eyes.","since this is after the monster attack on neudtach the girls is like, i really wanted to protect my sister even tho we werent blood related so what you said is true.","","![](https://img.shields.io/badge/-Missable-informational?style=for-the-badge&color=red) ","![](https://img.shields.io/badge/-Multipart-informational?style=for-the-badge&color=orange)",""
"029","031","ぼっちゃん①","Young Master 1","シデン領(→P218)","Shiden","No23 シデン領到着~No.28 トウケイ領到着前","No.23 Arriving in Shiden Territory ~ No.28 Before Arriving in Terrazi Territory","-","-","シデン領の道具屋近くにある橋の上で泣いている 子供に話しかけると発生する。 この子供は愛に飢えて わがままし放題のまさに坊ちゃん。 泣きじゃくって自 分がどれだけ不幸かを訴えるが、 この姿を見たリオン は甘えを感じ、 辛らつな言葉で冷たく突き放す。","This event occurs when you speak with a child crying on a bridge in Shiden. This child is starved for attention and has an obnoxiously selfish attitude. Leon cannot stand seeing such a display, especially from such a spoiled brat.","厳しい世界に生きるリオ ンにとって、 甘ったれた態度 は我慢がならない。","▲ The kid's attitude is unbearable for Leon since he had a tough upbringing ","the kids complain about his father and leon is like you need to change not him, if youre a boring kid it's your problem and you need to change that","","![](https://img.shields.io/badge/-Missable-informational?style=for-the-badge&color=red) ","![](https://img.shields.io/badge/-Multipart-informational?style=for-the-badge&color=orange)",""
"030","032","すっきりお姉さん","Neat Sister","シデン領 (→P218)","Shiden","No.25 海底洞窟クリア~","No.25 Undersea Cave cleared~","ルーティ称号「すっきりお姉さん」","Rutee's title [Neat Sister]","シデン領のシデン家の屋敷の前にいる女の子に話 しかけると、 ルーティがキレイだとほめられる。 そして 「あたしの顔に何かついてる?」という選択肢を選ぶ と、称号「すっきりお姉さん」が手に入る。","Speak with the girl in front of the Shiden Family mansion and she will compliment Rutee on her beauty. Choose the dialogue option of ""Do I have something on my face?"" to receive the title of Neat Sister. ","「すっきりお姉さん」の称号 がないと、のちの『封印男』 (→P346)が発生しない。","▲ The title [Neat Sister] is mendatory to trigger the event ""Sealed Man"" [Side-event 108](projects/destiny-dc/stahn-guide?id=side-event-108-Sealed-Man) ","","","","",""
"031","033","漆黒の翼④","Dark Wings 4","シデン領(→P218)","Shiden","No.25 モリュウ領到着~No.28 トウケイ領到着前","No.25 Arriving in Moreau ~ No.28 Before arriving in Terazzi","-","-","上記期間中にシデン領のシデン家屋敷の前にいる 漆黒の翼に近づくと発生。 漆黒の翼たちは助っ人が自 分たちだと住人に主張するが、 人々は皆助っ人がスタ たちだと思っているため信じようとしない。これも すべて男ふたり女ひとりという組み合わせゆえの不 無。このサブイベントを見ても報酬はもらえない。","The Dark Wings are back again. This time, they appear in front of the Shiden Family mansion. They claim to be the ones hired to assist. It doesn't take long before the ruse is discovered and the Dark Wings are foiled once again. No reward is given for this side-event","彼らに声をかけても、 ス タン一行が入れ違いで助っ 人になったことはバレない。","","since the party are the one that gor recruted and not the dark wings, they get in trouble for double pretenting they are themself.","","![](https://img.shields.io/badge/-Missable-informational?style=for-the-badge&color=red) ","",""
"032","034","マチエル・シデン","Michel Shiden","シデン領(→P218)","Shiden","No.25 モリュウ領到着~No.28 トウケイ領到着前","No.25 Arriving in Moreau ~ No.28 Before arriving in Terazzi","-","-","シデン領の港の橋へ行くと発生。 住人に問い詰めら れている青年をかばうジョニー。 彼からアクアヴェイ ルを建国したマチエル・シデンの話が聞ける。 このサ ブイベントは期間が短く、 見る場合はモリュウ領から 海底洞窟を通ってシデン領に戻る必要がある。","This event occurs when you go to the bridge at Shiden Port. Johnny is defending a boy who is being questioned by the residents. He will tell you a story about Michel Shiden, the founder of Aquaveil. In order to see this event, you must return to Shiden from Moreau through the underwater caves. ","ジョニーから先祖の話を 聞かされた人々は、目が覚 めて言い争いをやめる","","","","![](https://img.shields.io/badge/-Missable-informational?style=for-the-badge&color=red) ","",""
"033","035","エレノア・リンドウ①","Eleanor 1","モリュウ領(→P222)","Moreau","No.27 モリュウ城クリア~No.28 トウケイ領到着前","No.27 Clear Moreau's Castle ~ No.28 Before arriving in Terazzi","-","-","モリュウ城を攻略したあと、モリュウ領の船場から 小舟に乗ってジョニーの隠れ家に向かおう。 すると、 ジョニーと彼の幼なじみであるフェイトとエレノアの 思い出を綴る回想シーンを見ることができる。","After clearing Moreau Castle, take a small boat to Johnny's hideout. You will see a scene where Johnny reminises about his childhood friends, Fate and Eleanor. ","ジョニーの回想イベント を見たあと、鎧を調べると 「隕石の欠片」が手に入る。","","","","![](https://img.shields.io/badge/-Missable-informational?style=for-the-badge&color=red) ","![](https://img.shields.io/badge/-Multipart-informational?style=for-the-badge&color=orange)",""
"034","036","シデン家末っ子","Shiden's Youngest","モリュウ領(→P222)","Moreau","No.27 モリュウ城クリア~No.28 トウケイ領到着前","No.27 Clear Moreau's Castle ~ No.28 Before arriving in Terazzi","ジョニー称号「シデン家末っ子」","Johnny's title [Shiden's Youngest]","モリュウ領の地下倉庫屋上にいる男に話しかけると 発生。 出現する選択肢は「道化の…･････」が正しい答え となる。 ジョニーを毛嫌いする男に対してジョニーは これを甘んじて受け入れる態度を示し、スタンたちに 器の大きさを見せつける。 小舟で建物に移動すると 屋上に上がれないので徒歩で向かおう。","This event is triggered when you speak with the man on the roof of the underground warehouse in Moreau. Choose the dialogue option of ""I'm just the clown know as..."" to witness a scene where the man shares his disdain for Johnny's lifestyle. Stahn and the others are impressed with how he handles the matter, earning him this title. You will not be able to get to this building using a small boat(?), so you'll need to go on foot. ","会話中、上の選択肢を選 べばジョニーの称号「シデン 「家末っ子」を入手可能だ。","","","","![](https://img.shields.io/badge/-Missable-informational?style=for-the-badge&color=red) ","",""
"035","037","アルツール・シデン","Arthur Shiden","シデン領(→P218)","Shiden","No.27 モリュウ城クリア~No.28 トウケイ領到着前","No.27 Clear Moreau's Castle ~ No.28 Before arriving in Terazzi","-","-","ジョニーに称号「シデン家末っ子」をセットして、 シデ ン領のシデン家屋敷にいるアルツール・シデンに話し かけると発生。 領主を降ろされて以来しょげている彼 は、ジョニーが新たな大王になってくれることを願う が、当のジョニーは父の話に耳を貸さない。","Speaking with Arthur Shiden while Johnny has [Shiden's Youngest] title to trigger this event. You will find Aruthure Shiden in the Shiden Family Mansion. He is despondent as he is no longer a lord. He hopes that Johnny with become the next great king. However, Johnny refuses to listen. ","宝剣が盗まれたことで領 主の座を追われた彼に、 以 前のような覇気はなかった。","","","","![](https://img.shields.io/badge/-Missable-informational?style=for-the-badge&color=red) ","",""
"036","038","漆黒の翼⑤","Dark Wings 5","港町スノーフリア (→P234)","Frostheim"," No.31 ウッドロウ、チェルシー加入~No.36 グレバム戦前","No.31 Woodrow & Chelsea joins ~ No.36 Before Greybum's Battle","-","-","スノーフリアの宿屋にいる漆黒の翼に近づくと発  生。 彼らが「伝説の傭兵」を名乗り、 無銭飲食をしてい  る場面に出くわす。 実力もないのに大口を叩く彼らを  見て、弓匠アルバは巧みな話術で彼らを操る。","Approach the Dark Wings in Frostheim to see additional antics. They claim to be ""legendary mercenaries,"" and indulge in food and drink without intending to pay. They are no match for Master Alba, who cons them into clearing snow from his roof. ","アルバの話にまんまと乗  せられ、3人はやる気満々で  屋根の雪降ろしに向かう","","","","![](https://img.shields.io/badge/-Missable-informational?style=for-the-badge&color=red) ","",""
"037","039","Cursed Beauty","Rose of Seinegald","港町スノーフリア(→P234)","Frostheim"," No.31 ウッドロウ、 チェルシー加入~","No.31 Woodrow & Chelsea joins ~","リオン称号「セインガルドの薔薇」","Leon's title [Rose of Seinegald]","スノーフリア出入口付近にいる女性に話しかけると  発生。選択肢は「(無視)」を選ぼう。 リオンの  ファンを公言する彼女はセインガルドでリオンの姿を  見かけて以来、ずっと女剣士だと勘違いをしているら  しい。 そのため、 彼女は目の前にいる男が憧れの人物  リオン本人であることに気がつかない。","Speaking to a woman near the entrance of Frostheim triggers this event. If you ignore her, she professes her adoration for Leon, which started as soon as she saw them in Seinegald. She seems to be mistaken that Leon is a girl, not realize the beautiful man before her is the man of her dreams.  ","結局、リオンは彼女の大  きな勘違いを解かぬままイ  ベントは終了する。","","Leon is mistaken for a beutifull woman and he's offended","","","",""
"038","040","美人薄命","Cursed Beauty","港町スノーフリア(→P234)","Frostheim"," No.31 ウッドロウ、チェルシー加入~","No.31 Woodrow & Chelsea joins ~","チェルシー称号「美人薄命」
","Chelsea's title [Cursed Beauty]","スノーフリアの道具屋の左隣の家にいる青年に話しか  けると発生。 ふたつの選択肢が出現するが、 ここは  「(結構かっこいい人ですねぇ)」が正解。青年の言葉を  聞き、 妄想にふけるチェルシー。 勘違いから巻き起こ  る彼女の暴走っぷりがなかなか可愛い。","","「リアーナ姫」 (→P341)  を発生させるには、ここで  入手する称号が必要。","","Chelsea think the boy is confesing to her but in the end she's dissilutioned","","","",""
"039","041","イザークの息子","Isaac's Son","サイリルの街 (→P238)","Cyril"," No.33 マリーの記憶復活~","No.33 Marie's memories returned","ウッドロウ称号「イザークの息子」","Woodrow's title [Isaac's Son]","サイリルの食材屋にいる少年に話しかけると発生。  選択肢は「どうしたのだ少年?」 が正解。 少年にウッド  ロウの正体がファンダリア王子であることがバレそう  になるが、自らのポリシーを貫くウッドロウの姿を見  て、少年はウッドロウに対する見方を変える。","","「世紀のモテ男決定戦」  (→P339) を発生させるに  は、この称号が必要になる。","","","","","",""
"040","042","元義勇軍メンバー","Former Soldier","サイリルの街 (→P238)","Cyril"," No.33 マリーの記憶復活~","No.33 Marie's memories returned","マリー称号「元義勇軍メンバー」","Mary's title [Former Soldier]","サイリルでマリーの記憶が戻ったあと、 家の外で雪  かきをするおじさんに話しかけると発生。 選択肢は  「あなたに見覚えはあるのだが……」 を選ぼう。 彼は  マリーに傭兵時代に見かけたことがあると告げる。","","おじさんから、 義勇軍時  代のマリーに関する話を少  しだけ聞くことができる。","","","","","",""
"041","043","クリスを知る者","Chris' Old Acquaintance","国境の街ジェノス (→P182)","Janos"," No.33 マリーの記憶復活~No.36 グレバム戦前","No.33 Marie's memories returned No.36 Before Greybum's Battle","リオンブラストキャリバー 「魔神煉獄殺」","Rutee's blast caliber [Infernal Suffering]","期間中、リオンがパーティに加入している状態で、 ジ
 ェノスの門番に話しかけると発生するサブイベント。
 リオンの母親であるクリスを知る門番の兵士から、 彼
 女の幼い頃の話が聞ける。 このとき、リオンのブラス
 トキャリバー 「魔神煉獄殺」を習得できるが、 すでに習
 得している場合は何ももらえない。","","発生期間がかなり短いの  で、マリーの記憶が戻った  あとに訪れるといいだろう。","","Soldier is like, hey leon i knew your mom she was hot, and then leon is like nah she dead bro","","![](https://img.shields.io/badge/-Missable-informational?style=for-the-badge&color=red) ","",""
"unique","044","レイノルズの実験","","首都ダリルシェイド(→P022)","Darilsheid","No.33 第二部開始~","","リオン称号 「突然の来訪者」","Leon's title [Sudden Visitor]","発生期間中に、 セインガルド城中庭の左奥にあるレ イノルズの研究室へ行き、 レイノルズに話しかけると発 生。 たまたま訪れたリオンを見て、ちょうどよかった と漏らすレイノルズ。 彼に新しい実験の被験者を頼ま れ、 リオンはしぶしぶ付き合う羽目になる。","","◆見るからに危険な実験の
結果は、しゃっくりをさせる
というだけのもの。","","","","","",""
"unique","045","アルバと再会","","トーンの山小屋 (P027)","Torn's Cabin","No.33 第二部開始~","","リオン称号 「突然の来訪者」","Leon's title [Sudden Visitor]","トーンの山小屋内にいるアルバに話しかけると発生
する。 スノーフリアでウッドロウたちを助けたことを感
謝するアルバ。 そんな彼から、 ハイデルベルグのウッ
ドロウたちにも会ってやってほしいと告げられる。","","◆トーンの山小屋は、フィー ルドマップからも行ける。 ジ ェノスのすぐ隣だ。","","","","","",""
"unique","046","クレメンテと再会","","ストレイライズ神殿 ( →P036)","Straylize Temple","No.33 第二部開始~","","リオン称号 「突然の来訪者」","Leon's title [Sudden Visitor]","上記の発生期間中に、ストレイライズ神殿入ってす ぐのとろこにいる神官に話しかけると発生。 倉庫にし まったはずの「クレメンテ」が見つからないと話す神官。 そしてリオンは、「クレメンテ」を探してくれと頼まれる。 「クレメンテ」 がある場所は、大聖堂上を通る通路の先 この部屋。 無事 「クレメンテ」を見つけると、 彼から意外 な話を聞かされる。","","◆迎えにこなくてよかった と話す「クレメンテ」。 その 理由が実に彼らしい。","","","","","",""
"unique","047","ジョニーと再会","","港町スノーフリア(→P074)","Frostheim","No.33 第二部開始~","","リオン称号 「突然の来訪者」","Leon's title [Sudden Visitor]","スノーフリアの港にいるジョニーに話しかけると発 生する。 偶然再会したことを喜ぶジョニー。 なぜここ いるのかと聞くと、 アクアヴェイルの大使として来た という。 しばしの歓談のあと、 ジョニーは帰還する。","","◆フェイトに命じられたと嘆 くジョニー。 相変わらず道 化を貫いている様子。","","","","","",""
"unique","048","リオンの温泉","","港町スノーフリア(→P074)","Frostheim","No.33 第二部開始~","","リオン称号「胸までタオル」","Leon's title [Chest Towel]","スノーフリアにある温泉にいる、 温泉受け付けに話 しかけ 「はい」を選択すると発生する。 男湯が壊れてい るため、女湯へ入ることになったリオン。 だが、 受け付 けが席を外した隙に女性客が入ってきてしまい、リオ ンはあわてふためく。 シャルティエの機転により無事 最悪の事態は免れるが、完全に女だと思われてしまっ たことに、リオンのプライドは傷つくのだった。","","■胸までタオルを巻いたリ オンの姿は必見。 どう見て も女性にしか見えない?","","","","","",""
"unique","049","ダリスと再会","","サイリルの街 (→P078)","Cyril","No.33 第二部開始~","","リオン称号 「突然の来訪者」","Leon's title [Sudden Visitor]","サイリルの武具屋から階段を登った先にある、 見張 り塔のダリスに話しかけると発生。 ダリスの体を気遣 うリオン。 そんな彼に、 ダリスは罪人扱いであったマ リーを逃がしてくれたことを感謝する。","","◆心から感謝を述べるダリ ス。 彼の真摯な思いを受け、 リオンは照れる一方。","","","","","",""
"unique","050","マリーと再会","","サイリルの街 (→P078)","Cyril","No.33 第二部開始~","","リオン称号 「突然の来訪者」","Leon's title [Sudden Visitor]","サイリルにあるマリーの家へ行き、 台所のマリーに 話しかけると発生する。 元気そうに暮らす彼女を見て 安心するリオン。 マリーは夕食をご馳走するというが、 任務の途中であるリオンはその誘いを断る。","","◆味に定評があるマリーの 手料理。 残念ながら味わう のは次の機会となる。","","","","","",""
"unique","051","ウッドロウと再会","","首都ハイデルベルグ (→P080)","Heidelberg","No.33 第二部開始~","","リオン称号 「突然の来訪者」","Leon's title [Sudden Visitor]","ハイデルベルグ城、 玉座の間の手前にある部屋にい るウッドロウに話しかけると発生する。 忙しげに資料 を探すウッドロウ。 何を探しているのかと聞くと、 神の 眼封印施設に配置した守護者が気になるという。","","■少ない手がかりを求めシャルティエに意見を求めるも、謎は解明しない。","","","","","",""
"unique","052","ダーゼンと再会","","首都ハイデルベルグ (→P080)","Heidelberg","No.33 第二部開始~","","リオン称号 「突然の来訪者」","Leon's title [Sudden Visitor]","ハイデルベルグ城の玉座の間にいるダーゼンに話 しかけると発生するサブイベント。 ウッドロウが王位を 継承したことを話し合うふたり。 ダーゼンから、 国王 として働くウッドロウの日々の努力を聞かされる。","","","","","","","",""
"unique","053","チェルシーと再会","","首都ハイデルベルグ (→P080)","Heidelberg","No.33 第二部開始~","","リオン称号 「突然の来訪者」","Leon's title [Sudden Visitor]","発生期間中に、 ハイデルベルグ城奥にある、 玉座の 間手前の部屋にいるチェルシーに話しかけると発生 する。 壁にかけられたウッドロウの母親の肖像画を見 て、どのように呼べばいいか悩むチェルシーの様子が 見られるサブイベントだ。","","","","","","","",""
"unique","054","フィリアと再会","","ストレイライズ神殿(→P036)","Straylize Temple","No.36 隊長任命後~","","リオン称号 「突然の来訪者」","Leon's title [Sudden Visitor]","発生期間中に、ストレイライズ神殿の入口にいるフ ィリアに話しかけると発生するサブイベント。 破壊さ れた神殿を再建するため、 励むフィリアだったが、 神 の眼の置き場所を懸念している様子。","","◆神の眼の一件以来、不穏な神殿の内情を見て、彼女は頭を悩ませる。","","","","","",""
"149","055","調達クエスト","Procurement Quest","世界各地","Around the world","No.04 ジェノス到達時~","No.04 Arriving in Janos ~","下記参照","See Below","世界各地にいる交易商人に決められたアイテムを規 定個数届けると、 報酬としてガルドがもらえるお使いイ ベント。 商人たちから仕事を請け負った段階で報酬の 半額が着手金として支払われ、 仕事が完了したあとに 届け先の商人から残り代金が支払われるルールになっ ている。 なお、第二部になってからこの 『調達クエスト』 一度でもこなすと、 下記の各種称号が手に入る。","","引き受けた仕事を途中で 放棄してしまうと、違約金を 払わされることになる。","","Multiple Tables","","","",""
"150","056","かけっこ","Race Game","ノイシュタットの街(→P213)","Neustadt","No.20 ノイシュタット到着~","No.20 Arriving in Neustadt ~","下記参照","See Below","ノイシュタットの噴水広場にいる少年に話しかける と、少年とかけっこをすることができる。 コースは下 の図を参考にしよう。 1回目 (No.20 ノイシュタット到 着〜)は、コースさえ間違えなければ勝つのはたやす い。しかし2回目(No.61 レイノルズ復帰~)は、少し でも障害物に引っかかると少年に簡単に追い抜かれ てしまう。 コースだけでなく通行人の動きもしっかり 把握して走ろう。 なお、 初回勝利時とそれ以降では下 記のように報酬が変化する。","","","","Multiple Tables + Graphics","","","",""
"151","057","石蹴り遊び","Rock Rally","世界各地","Around the world","各地到着時~","After arriving in each locations ~","下記参照","See Below","フィールド上に無造作に転がっている石を、 決めら れた場所まで蹴って運ぶことで達成できるミニゲー ム。 このゲームはファンダリアを除く4つの地方でプ レイが可能で、クリアするとその地方におけるレンズ レートが上昇。 成功させてからレンズをショップで換 金すれば、効率よくガルドを増やすことができる。 各 地方での石蹴り遊びの概要については、下記のとおり。 このうち、 セインガルド地方だけはかなり早い段階で 石を蹴ることができるが、ゴールのアルメイダの村に 進めるようになるまでは蹴っても意味がない。","","","","Multiple Graphics","","","",""